{
  "Driftwood borough": {
    "population": 63,
    "state": "Pennsylvania",
    "county": "Cameron County",
    "ages": {
      "0..4": 0.04564666103127642,
      "5..9": 0.04606931530008453,
      "10..14": 0.04585798816568047,
      "15..19": 0.05431107354184277,
      "20..24": 0.053043110735418425,
      "25..29": 0.042476754015215556,
      "30..34": 0.045435333896872356,
      "35..39": 0.04184277261200338,
      "40..44": 0.055156382079459006,
      "45..49": 0.06107354184277261,
      "50..54": 0.0830515638207946,
      "55..59": 0.08791208791208792,
      "60..64": 0.09065934065934066,
      "65..69": 0.08622147083685545,
      "70..74": 0.05705832628909552,
      "75..79": 0.03571428571428571,
      "80..84": 0.028951817413355875,
      "85..110": 0.03951817413355875
    },
    "gender": {
      "male": 0.49387151310228233,
      "female": 0.5061284868977177
    },
    "race": {
      "white": 0.9771766694843618,
      "hispanic": 0.008664412510566356,
      "black": 0.0048605240912933225,
      "asian": 0.0027472527472527475,
      "native": 0.00422654268808115,
      "other": 0.001
    },
    "income": {
      "mean": 41733,
      "median": 38125,
      "00..10": 0.05,
      "10..15": 0.025,
      "15..25": 0.175,
      "25..35": 0.2,
      "35..50": 0.2,
      "50..75": 0.275,
      "75..100": 0.075,
      "100..150": 0.0,
      "150..200": 0.0,
      "200..999": 0.0
    },
    "education": {
      "less_than_hs": 0.214,
      "hs_degree": 0.35700000000000004,
      "some_college": 0.429,
      "bs_degree": 0.0
    }
  },
  "Emporium borough": {
    "population": 1934,
    "state": "Pennsylvania",
    "county": "Cameron County",
    "ages": {
      "0..4": 0.04564666103127642,
      "5..9": 0.04606931530008453,
      "10..14": 0.04585798816568047,
      "15..19": 0.05431107354184277,
      "20..24": 0.053043110735418425,
      "25..29": 0.042476754015215556,
      "30..34": 0.045435333896872356,
      "35..39": 0.04184277261200338,
      "40..44": 0.055156382079459006,
      "45..49": 0.06107354184277261,
      "50..54": 0.0830515638207946,
      "55..59": 0.08791208791208792,
      "60..64": 0.09065934065934066,
      "65..69": 0.08622147083685545,
      "70..74": 0.05705832628909552,
      "75..79": 0.03571428571428571,
      "80..84": 0.028951817413355875,
      "85..110": 0.03951817413355875
    },
    "gender": {
      "male": 0.49387151310228233,
      "female": 0.5061284868977177
    },
    "race": {
      "white": 0.9771766694843618,
      "hispanic": 0.008664412510566356,
      "black": 0.0048605240912933225,
      "asian": 0.0027472527472527475,
      "native": 0.00422654268808115,
      "other": 0.001
    },
    "income": {
      "mean": 53766,
      "median": 35417,
      "00..10": 0.09699999999999999,
      "10..15": 0.124,
      "15..25": 0.126,
      "25..35": 0.14400000000000002,
      "35..50": 0.16699999999999998,
      "50..75": 0.14400000000000002,
      "75..100": 0.11199999999999999,
      "100..150": 0.049,
      "150..200": 0.012,
      "200..999": 0.024
    },
    "education": {
      "less_than_hs": 0.027000000000000003,
      "hs_degree": 0.5,
      "some_college": 0.349,
      "bs_degree": 0.12300000000000001
    }
  },
  "Gibson": {
    "population": 1351,
    "state": "Pennsylvania",
    "county": "Cameron County",
    "ages": {
      "0..4": 0.04564666103127642,
      "5..9": 0.04606931530008453,
      "10..14": 0.04585798816568047,
      "15..19": 0.05431107354184277,
      "20..24": 0.053043110735418425,
      "25..29": 0.042476754015215556,
      "30..34": 0.045435333896872356,
      "35..39": 0.04184277261200338,
      "40..44": 0.055156382079459006,
      "45..49": 0.06107354184277261,
      "50..54": 0.0830515638207946,
      "55..59": 0.08791208791208792,
      "60..64": 0.09065934065934066,
      "65..69": 0.08622147083685545,
      "70..74": 0.05705832628909552,
      "75..79": 0.03571428571428571,
      "80..84": 0.028951817413355875,
      "85..110": 0.03951817413355875
    },
    "gender": {
      "male": 0.49387151310228233,
      "female": 0.5061284868977177
    },
    "race": {
      "white": 0.9771766694843618,
      "hispanic": 0.008664412510566356,
      "black": 0.0048605240912933225,
      "asian": 0.0027472527472527475,
      "native": 0.00422654268808115,
      "other": 0.001
    },
    "income": {
      "mean": 61485,
      "median": 46417,
      "00..10": 0.055999999999999994,
      "10..15": 0.064,
      "15..25": 0.076,
      "25..35": 0.214,
      "35..50": 0.12,
      "50..75": 0.17,
      "75..100": 0.125,
      "100..150": 0.15,
      "150..200": 0.0,
      "200..999": 0.025
    },
    "education": {
      "less_than_hs": 0.045,
      "hs_degree": 0.373,
      "some_college": 0.537,
      "bs_degree": 0.045
    }
  },
  "Grove": {
    "population": 170,
    "state": "Pennsylvania",
    "county": "Cameron County",
    "ages": {
      "0..4": 0.04564666103127642,
      "5..9": 0.04606931530008453,
      "10..14": 0.04585798816568047,
      "15..19": 0.05431107354184277,
      "20..24": 0.053043110735418425,
      "25..29": 0.042476754015215556,
      "30..34": 0.045435333896872356,
      "35..39": 0.04184277261200338,
      "40..44": 0.055156382079459006,
      "45..49": 0.06107354184277261,
      "50..54": 0.0830515638207946,
      "55..59": 0.08791208791208792,
      "60..64": 0.09065934065934066,
      "65..69": 0.08622147083685545,
      "70..74": 0.05705832628909552,
      "75..79": 0.03571428571428571,
      "80..84": 0.028951817413355875,
      "85..110": 0.03951817413355875
    },
    "gender": {
      "male": 0.49387151310228233,
      "female": 0.5061284868977177
    },
    "race": {
      "white": 0.9771766694843618,
      "hispanic": 0.008664412510566356,
      "black": 0.0048605240912933225,
      "asian": 0.0027472527472527475,
      "native": 0.00422654268808115,
      "other": 0.001
    },
    "income": {
      "mean": 33713,
      "median": 30833,
      "00..10": 0.087,
      "10..15": 0.0,
      "15..25": 0.348,
      "25..35": 0.174,
      "35..50": 0.239,
      "50..75": 0.087,
      "75..100": 0.043,
      "100..150": 0.022000000000000002,
      "150..200": 0.0,
      "200..999": 0.0
    },
    "education": {
      "less_than_hs": 0.0,
      "hs_degree": 0.0,
      "some_college": 0.0,
      "bs_degree": 0.0
    }
  },
  "Lumber": {
    "population": 182,
    "state": "Pennsylvania",
    "county": "Cameron County",
    "ages": {
      "0..4": 0.04564666103127642,
      "5..9": 0.04606931530008453,
      "10..14": 0.04585798816568047,
      "15..19": 0.05431107354184277,
      "20..24": 0.053043110735418425,
      "25..29": 0.042476754015215556,
      "30..34": 0.045435333896872356,
      "35..39": 0.04184277261200338,
      "40..44": 0.055156382079459006,
      "45..49": 0.06107354184277261,
      "50..54": 0.0830515638207946,
      "55..59": 0.08791208791208792,
      "60..64": 0.09065934065934066,
      "65..69": 0.08622147083685545,
      "70..74": 0.05705832628909552,
      "75..79": 0.03571428571428571,
      "80..84": 0.028951817413355875,
      "85..110": 0.03951817413355875
    },
    "gender": {
      "male": 0.49387151310228233,
      "female": 0.5061284868977177
    },
    "race": {
      "white": 0.9771766694843618,
      "hispanic": 0.008664412510566356,
      "black": 0.0048605240912933225,
      "asian": 0.0027472527472527475,
      "native": 0.00422654268808115,
      "other": 0.001
    },
    "income": {
      "mean": 54331,
      "median": 46563,
      "00..10": 0.012,
      "10..15": 0.025,
      "15..25": 0.111,
      "25..35": 0.17300000000000001,
      "35..50": 0.198,
      "50..75": 0.21,
      "75..100": 0.16,
      "100..150": 0.111,
      "150..200": 0.0,
      "200..999": 0.0
    },
    "education": {
      "less_than_hs": 0.5,
      "hs_degree": 0.5,
      "some_college": 0.0,
      "bs_degree": 0.0
    }
  },
  "Shippen": {
    "population": 2595,
    "state": "Pennsylvania",
    "county": "Cameron County",