{
  "Benezette": {
    "population": 197,
    "state": "Pennsylvania",
    "county": "Elk County",
    "ages": {
      "0..4": 0.04729204457113242,
      "5..9": 0.05195646540554548,
      "10..14": 0.05830526043016326,
      "15..19": 0.05762503239181135,
      "20..24": 0.05289582793469811,
      "25..29": 0.04411764705882353,
      "30..34": 0.050012956724540036,
      "35..39": 0.049041202384037315,
      "40..44": 0.059147447525265615,
      "45..49": 0.07637989116351386,
      "50..54": 0.08308499611298263,
      "55..59": 0.08719875615444415,
      "60..64": 0.07359419538740607,
      "65..69": 0.06400621922777922,
      "70..74": 0.045380927701477065,
      "75..79": 0.03848147188390775,
      "80..84": 0.03012438455558435,
      "85..110": 0.031355273386887796
    },
    "gender": {
      "male": 0.5016843741902047,
      "female": 0.49831562580979527
    },
    "race": {
      "white": 0.9826703809277014,
      "hispanic": 0.007676859289971495,
      "black": 0.004729204457113242,
      "asian": 0.0035630992485099766,
      "native": 0.0016519823788546256,
      "other": 0.001
    },
    "income": {
      "mean": 49765,
      "median": 41528,
      "00..10": 0.09300000000000001,
      "10..15": 0.019,
      "15..25": 0.131,
      "25..35": 0.187,
      "35..50": 0.196,
      "50..75": 0.14,
      "75..100": 0.09300000000000001,
      "100..150": 0.14,
      "150..200": 0.0,
      "200..999": 0.0
    },
    "education": {
      "less_than_hs": 0.0,
      "hs_degree": 1.0,
      "some_college": 0.0,
      "bs_degree": 0.0
    }
  },
  "Fox": {
    "population": 3873,
    "state": "Pennsylvania",
    "county": "Elk County",
    "ages": {
      "0..4": 0.04729204457113242,
      "5..9": 0.05195646540554548,
      "10..14": 0.05830526043016326,
      "15..19": 0.05762503239181135,
      "20..24": 0.05289582793469811,
      "25..29": 0.04411764705882353,
      "30..34": 0.050012956724540036,
      "35..39": 0.049041202384037315,
      "40..44": 0.059147447525265615,
      "45..49": 0.07637989116351386,
      "50..54": 0.08308499611298263,
      "55..59": 0.08719875615444415,
      "60..64": 0.07359419538740607,
      "65..69": 0.06400621922777922,
      "70..74": 0.045380927701477065,
      "75..79": 0.03848147188390775,
      "80..84": 0.03012438455558435,
      "85..110": 0.031355273386887796
    },
    "gender": {
      "male": 0.5016843741902047,
      "female": 0.49831562580979527
    },
    "race": {
      "white": 0.9826703809277014,
      "hispanic": 0.007676859289971495,
      "black": 0.004729204457113242,
      "asian": 0.0035630992485099766,
      "native": 0.0016519823788546256,
      "other": 0.001
    },
    "income": {
      "mean": 51382,
      "median": 38750,
      "00..10": 0.036000000000000004,
      "10..15": 0.07200000000000001,
      "15..25": 0.18899999999999997,
      "25..35": 0.171,
      "35..50": 0.198,
      "50..75": 0.162,
      "75..100": 0.045,
      "100..150": 0.09,
      "150..200": 0.027000000000000003,
      "200..999": 0.009000000000000001
    },
    "education": {
      "less_than_hs": 0.385,
      "hs_degree": 0.615,
      "some_college": 0.0,
      "bs_degree": 0.0
    }
  },
  "Horton": {
    "population": 1408,
    "state": "Pennsylvania",
    "county": "Elk County",
    "ages": {
      "0..4": 0.04729204457113242,
      "5..9": 0.05195646540554548,
      "10..14": 0.05830526043016326,
      "15..19": 0.05762503239181135,
      "20..24": 0.05289582793469811,
      "25..29": 0.04411764705882353,
      "30..34": 0.050012956724540036,
      "35..39": 0.049041202384037315,
      "40..44": 0.059147447525265615,
      "45..49": 0.07637989116351386,
      "50..54": 0.08308499611298263,
      "55..59": 0.08719875615444415,
      "60..64": 0.07359419538740607,
      "65..69": 0.06400621922777922,
      "70..74": 0.045380927701477065,
      "75..79": 0.03848147188390775,
      "80..84": 0.03012438455558435,
      "85..110": 0.031355273386887796
    },
    "gender": {
      "male": 0.5016843741902047,
      "female": 0.49831562580979527
    },
    "race": {
      "white": 0.9826703809277014,
      "hispanic": 0.007676859289971495,
      "black": 0.004729204457113242,
      "asian": 0.0035630992485099766,
      "native": 0.0016519823788546256,
      "other": 0.001
    },
    "income": {
      "mean": 52228,
      "median": 46369,
      "00..10": 0.055,
      "10..15": 0.043,
      "15..25": 0.133,
      "25..35": 0.145,
      "35..50": 0.16699999999999998,
      "50..75": 0.22,
      "75..100": 0.156,
      "100..150": 0.062,
      "150..200": 0.019,
      "200..999": 0.0
    },
    "education": {
      "less_than_hs": 0.122,
      "hs_degree": 0.391,
      "some_college": 0.261,
      "bs_degree": 0.226
    }
  },
  "Jay": {
    "population": 1976,
    "state": "Pennsylvania",
    "county": "Elk County",
    "ages": {
      "0..4": 0.04729204457113242,
      "5..9": 0.05195646540554548,
      "10..14": 0.05830526043016326,
      "15..19": 0.05762503239181135,
      "20..24": 0.05289582793469811,
      "25..29": 0.04411764705882353,
      "30..34": 0.050012956724540036,
      "35..39": 0.049041202384037315,
      "40..44": 0.059147447525265615,
      "45..49": 0.07637989116351386,
      "50..54": 0.08308499611298263,
      "55..59": 0.08719875615444415,
      "60..64": 0.07359419538740607,
      "65..69": 0.06400621922777922,
      "70..74": 0.045380927701477065,
      "75..79": 0.03848147188390775,
      "80..84": 0.03012438455558435,
      "85..110": 0.031355273386887796
    },
    "gender": {
      "male": 0.5016843741902047,
      "female": 0.49831562580979527
    },
    "race": {
      "white": 0.9826703809277014,
      "hispanic": 0.007676859289971495,
      "black": 0.004729204457113242,
      "asian": 0.0035630992485099766,
      "native": 0.0016519823788546256,
      "other": 0.001
    },
    "income": {
      "mean": 55647,
      "median": 47670,
      "00..10": 0.023,
      "10..15": 0.052000000000000005,
      "15..25": 0.14800000000000002,
      "25..35": 0.12,
      "35..50": 0.18100000000000002,
      "50..75": 0.27,
      "75..100": 0.079,
      "100..150": 0.09300000000000001,
      "150..200": 0.033,
      "200..999": 0.0
    },
    "education": {
      "less_than_hs": 0.10400000000000001,
      "hs_degree": 0.6809999999999999,
      "some_college": 0.193,
      "bs_degree": 0.022000000000000002
    }
  },
  "Johnsonburg borough": {
    "population": 2371,
    "state": "Pennsylvania",
    "county": "Elk County",
    "ages": {
      "0..4": 0.04729204457113242,
      "5..9": 0.05195646540554548,
      "10..14": 0.05830526043016326,
      "15..19": 0.05762503239181135,
      "20..24": 0.05289582793469811,
      "25..29": 0.04411764705882353,
      "30..34": 0.050012956724540036,
      "35..39": 0.049041202384037315,
      "40..44": 0.059147447525265615,
      "45..49": 0.07637989116351386,
      "50..54": 0.08308499611298263,
      "55..59": 0.08719875615444415,
      "60..64": 0.07359419538740607,
      "65..69": 0.06400621922777922,
      "70..74": 0.045380927701477065,
      "75..79": 0.03848147188390775,
      "80..84": 0.03012438455558435,
      "85..110": 0.031355273386887796
    },
    "gender": {
      "male": 0.5016843741902047,
      "female": 0.49831562580979527
    },
    "race": {
      "white": 0.9826703809277014,
      "hispanic": 0.007676859289971495,
      "black": 0.004729204457113242,
      "asian": 0.0035630992485099766,
      "native": 0.0016519823788546256,
      "other": 0.001
    },
    "income": {
      "mean": 43195,
      "median": 36149,
      "00..10": 0.047,
      "10..15": 0.099,
      "15..25": 0.212,
      "25..35": 0.11699999999999999,
      "35..50": 0.19899999999999998,
      "50..75": 0.209,
      "75..100": 0.067,
      "100..150": 0.042,
      "150..200": 0.003,
      "200..999": 0.004
    },
    "education": {
      "less_than_hs": 0.1,
      "hs_degree": 0.544,
      "some_college": 0.311,
      "bs_degree": 0.044000000000000004
    }
  },