{
  "Barnett": {
    "population": 591,
    "state": "Pennsylvania",
    "county": "Forest County",
    "ages": {
      "0..4": 0.01349527665317139,
      "5..9": 0.009581646423751687,
      "10..14": 0.012145748987854251,
      "15..19": 0.045748987854251015,
      "20..24": 0.0912280701754386,
      "25..29": 0.09730094466936572,
      "30..34": 0.08016194331983806,
      "35..39": 0.06396761133603239,
      "40..44": 0.06194331983805668,
      "45..49": 0.06828609986504723,
      "50..54": 0.07894736842105263,
      "55..59": 0.07921727395411605,
      "60..64": 0.07800269905533064,
      "65..69": 0.06977058029689609,
      "70..74": 0.06531713900134953,
      "75..79": 0.043184885290148446,
      "80..84": 0.024291497975708502,
      "85..110": 0.017408906882591092
    },
    "gender": {
      "male": 0.6754385964912281,
      "female": 0.32456140350877194
    },
    "race": {
      "white": 0.7896086369770581,
      "hispanic": 0.0601889338731444,
      "black": 0.19433198380566802,
      "asian": 0.0021592442645074223,
      "native": 0.005263157894736842,
      "other": 0.001
    },
    "income": {
      "mean": 48820,
      "median": 36250,
      "00..10": 0.083,
      "10..15": 0.115,
      "15..25": 0.115,
      "25..35": 0.188,
      "35..50": 0.083,
      "50..75": 0.177,
      "75..100": 0.115,
      "100..150": 0.10400000000000001,
      "150..200": 0.021,
      "200..999": 0.0
    },
    "education": {
      "less_than_hs": 0.375,
      "hs_degree": 0.625,
      "some_college": 0.0,
      "bs_degree": 0.0
    }
  },
  "Green": {
    "population": 4152,
    "state": "Pennsylvania",
    "county": "Forest County",
    "ages": {
      "0..4": 0.01349527665317139,
      "5..9": 0.009581646423751687,
      "10..14": 0.012145748987854251,
      "15..19": 0.045748987854251015,
      "20..24": 0.0912280701754386,
      "25..29": 0.09730094466936572,
      "30..34": 0.08016194331983806,
      "35..39": 0.06396761133603239,
      "40..44": 0.06194331983805668,
      "45..49": 0.06828609986504723,
      "50..54": 0.07894736842105263,
      "55..59": 0.07921727395411605,
      "60..64": 0.07800269905533064,
      "65..69": 0.06977058029689609,
      "70..74": 0.06531713900134953,
      "75..79": 0.043184885290148446,
      "80..84": 0.024291497975708502,
      "85..110": 0.017408906882591092
    },
    "gender": {
      "male": 0.6754385964912281,
      "female": 0.32456140350877194
    },
    "race": {
      "white": 0.7896086369770581,
      "hispanic": 0.0601889338731444,
      "black": 0.19433198380566802,
      "asian": 0.0021592442645074223,
      "native": 0.005263157894736842,
      "other": 0.001
    },
    "income": {
      "mean": 53681,
      "median": 41225,
      "00..10": 0.054000000000000006,
      "10..15": 0.036000000000000004,
      "15..25": 0.217,
      "25..35": 0.11599999999999999,
      "35..50": 0.139,
      "50..75": 0.19,
      "75..100": 0.198,
      "100..150": 0.038,
      "150..200": 0.0,
      "200..999": 0.013000000000000001
    },
    "education": {
      "less_than_hs": 0.195,
      "hs_degree": 0.311,
      "some_college": 0.46799999999999997,
      "bs_degree": 0.026000000000000002
    }
  },
  "Hickory": {
    "population": 2948,
    "state": "Pennsylvania",
    "county": "Forest County",
    "ages": {
      "0..4": 0.01349527665317139,
      "5..9": 0.009581646423751687,
      "10..14": 0.012145748987854251,
      "15..19": 0.045748987854251015,
      "20..24": 0.0912280701754386,
      "25..29": 0.09730094466936572,
      "30..34": 0.08016194331983806,
      "35..39": 0.06396761133603239,
      "40..44": 0.06194331983805668,
      "45..49": 0.06828609986504723,
      "50..54": 0.07894736842105263,
      "55..59": 0.07921727395411605,
      "60..64": 0.07800269905533064,
      "65..69": 0.06977058029689609,
      "70..74": 0.06531713900134953,
      "75..79": 0.043184885290148446,
      "80..84": 0.024291497975708502,
      "85..110": 0.017408906882591092
    },
    "gender": {
      "male": 0.6754385964912281,
      "female": 0.32456140350877194
    },
    "race": {
      "white": 0.7896086369770581,
      "hispanic": 0.0601889338731444,
      "black": 0.19433198380566802,
      "asian": 0.0021592442645074223,
      "native": 0.005263157894736842,
      "other": 0.001
    },
    "income": {
      "mean": 67247,
      "median": 51809,
      "00..10": 0.027999999999999997,
      "10..15": 0.028999999999999998,
      "15..25": 0.149,
      "25..35": 0.061,
      "35..50": 0.20600000000000002,
      "50..75": 0.191,
      "75..100": 0.126,
      "100..150": 0.14300000000000002,
      "150..200": 0.055999999999999994,
      "200..999": 0.011000000000000001
    },
    "education": {
      "less_than_hs": 0.233,
      "hs_degree": 0.319,
      "some_college": 0.336,
      "bs_degree": 0.11199999999999999
    }
  },
  "Howe": {
    "population": 788,
    "state": "Pennsylvania",
    "county": "Forest County",
    "ages": {
      "0..4": 0.01349527665317139,
      "5..9": 0.009581646423751687,
      "10..14": 0.012145748987854251,
      "15..19": 0.045748987854251015,
      "20..24": 0.0912280701754386,
      "25..29": 0.09730094466936572,
      "30..34": 0.08016194331983806,
      "35..39": 0.06396761133603239,
      "40..44": 0.06194331983805668,
      "45..49": 0.06828609986504723,
      "50..54": 0.07894736842105263,
      "55..59": 0.07921727395411605,
      "60..64": 0.07800269905533064,
      "65..69": 0.06977058029689609,
      "70..74": 0.06531713900134953,
      "75..79": 0.043184885290148446,
      "80..84": 0.024291497975708502,
      "85..110": 0.017408906882591092
    },
    "gender": {
      "male": 0.6754385964912281,
      "female": 0.32456140350877194
    },
    "race": {
      "white": 0.7896086369770581,
      "hispanic": 0.0601889338731444,
      "black": 0.19433198380566802,
      "asian": 0.0021592442645074223,
      "native": 0.005263157894736842,
      "other": 0.001
    },
    "income": {
      "mean": 67227,
      "median": 52417,
      "00..10": 0.031,
      "10..15": 0.0,
      "15..25": 0.151,
      "25..35": 0.094,
      "35..50": 0.132,
      "50..75": 0.252,
      "75..100": 0.157,
      "100..150": 0.126,
      "150..200": 0.0,
      "200..999": 0.057
    },
    "education": {
      "less_than_hs": 0.087,
      "hs_degree": 0.9129999999999999,
      "some_college": 0.0,
      "bs_degree": 0.0
    }
  },
  "Jenks": {
    "population": 3562,
    "state": "Pennsylvania",
    "county": "Forest County",
    "ages": {
      "0..4": 0.01349527665317139,
      "5..9": 0.009581646423751687,
      "10..14": 0.012145748987854251,
      "15..19": 0.045748987854251015,
      "20..24": 0.0912280701754386,
      "25..29": 0.09730094466936572,
      "30..34": 0.08016194331983806,
      "35..39": 0.06396761133603239,
      "40..44": 0.06194331983805668,
      "45..49": 0.06828609986504723,
      "50..54": 0.07894736842105263,
      "55..59": 0.07921727395411605,
      "60..64": 0.07800269905533064,
      "65..69": 0.06977058029689609,
      "70..74": 0.06531713900134953,
      "75..79": 0.043184885290148446,
      "80..84": 0.024291497975708502,
      "85..110": 0.017408906882591092
    },
    "gender": {
      "male": 0.6754385964912281,
      "female": 0.32456140350877194
    },
    "race": {
      "white": 0.7896086369770581,
      "hispanic": 0.0601889338731444,
      "black": 0.19433198380566802,
      "asian": 0.0021592442645074223,
      "native": 0.005263157894736842,
      "other": 0.001
    },
    "income": {
      "mean": 45701,
      "median": 39429,
      "00..10": 0.027999999999999997,
      "10..15": 0.07200000000000001,
      "15..25": 0.225,
      "25..35": 0.125,
      "35..50": 0.21,
      "50..75": 0.21,
      "75..100": 0.057999999999999996,
      "100..150": 0.063,
      "150..200": 0.0,
      "200..999": 0.009000000000000001
    },
    "education": {
      "less_than_hs": 0.326,
      "hs_degree": 0.614,
      "some_college": 0.06,
      "bs_degree": 0.0
    }
  },