{
  "Ayr": {
    "population": 2044,
    "state": "Pennsylvania",
    "county": "Fulton County",
    "ages": {
      "0..4": 0.050516098161186684,
      "5..9": 0.05899241233166997,
      "10..14": 0.06049627452320733,
      "15..19": 0.062478638321142935,
      "20..24": 0.053113678310205754,
      "25..29": 0.0525668193314649,
      "30..34": 0.05249846195912229,
      "35..39": 0.05489096999111354,
      "40..44": 0.06616993642764372,
      "45..49": 0.07095495249162623,
      "50..54": 0.07573996855560872,
      "55..59": 0.0736892473853305,
      "60..64": 0.06842572971494976,
      "65..69": 0.06364071365096725,
      "70..74": 0.054754255246428324,
      "75..79": 0.03910041697997129,
      "80..84": 0.024130152436940323,
      "85..110": 0.017841274181420466
    },
    "gender": {
      "male": 0.5047508373778112,
      "female": 0.4952491626221888
    },
    "race": {
      "white": 0.972862123179985,
      "hispanic": 0.011825825415271036,
      "black": 0.012372684394011894,
      "asian": 0.001367147446852143,
      "native": 0.0021190785426208215,
      "other": 0.001
    },
    "income": {
      "mean": 61362,
      "median": 54800,
      "00..10": 0.04,
      "10..15": 0.057999999999999996,
      "15..25": 0.085,
      "25..35": 0.132,
      "35..50": 0.138,
      "50..75": 0.191,
      "75..100": 0.21,
      "100..150": 0.11699999999999999,
      "150..200": 0.027999999999999997,
      "200..999": 0.002
    },
    "education": {
      "less_than_hs": 0.368,
      "hs_degree": 0.385,
      "some_college": 0.128,
      "bs_degree": 0.12
    }
  },
  "Belfast": {
    "population": 1440,
    "state": "Pennsylvania",
    "county": "Fulton County",
    "ages": {
      "0..4": 0.050516098161186684,
      "5..9": 0.05899241233166997,
      "10..14": 0.06049627452320733,
      "15..19": 0.062478638321142935,
      "20..24": 0.053113678310205754,
      "25..29": 0.0525668193314649,
      "30..34": 0.05249846195912229,
      "35..39": 0.05489096999111354,
      "40..44": 0.06616993642764372,
      "45..49": 0.07095495249162623,
      "50..54": 0.07573996855560872,
      "55..59": 0.0736892473853305,
      "60..64": 0.06842572971494976,
      "65..69": 0.06364071365096725,
      "70..74": 0.054754255246428324,
      "75..79": 0.03910041697997129,
      "80..84": 0.024130152436940323,
      "85..110": 0.017841274181420466
    },
    "gender": {
      "male": 0.5047508373778112,
      "female": 0.4952491626221888
    },
    "race": {
      "white": 0.972862123179985,
      "hispanic": 0.011825825415271036,
      "black": 0.012372684394011894,
      "asian": 0.001367147446852143,
      "native": 0.0021190785426208215,
      "other": 0.001
    },
    "income": {
      "mean": 57286,
      "median": 50104,
      "00..10": 0.032,
      "10..15": 0.028999999999999998,
      "15..25": 0.128,
      "25..35": 0.158,
      "35..50": 0.152,
      "50..75": 0.22699999999999998,
      "75..100": 0.152,
      "100..150": 0.109,
      "150..200": 0.006,
      "200..999": 0.006
    },
    "education": {
      "less_than_hs": 0.14800000000000002,
      "hs_degree": 0.49200000000000005,
      "some_college": 0.295,
      "bs_degree": 0.066
    }
  },
  "Brush Creek": {
    "population": 795,
    "state": "Pennsylvania",
    "county": "Fulton County",
    "ages": {
      "0..4": 0.050516098161186684,
      "5..9": 0.05899241233166997,
      "10..14": 0.06049627452320733,
      "15..19": 0.062478638321142935,
      "20..24": 0.053113678310205754,
      "25..29": 0.0525668193314649,
      "30..34": 0.05249846195912229,
      "35..39": 0.05489096999111354,
      "40..44": 0.06616993642764372,
      "45..49": 0.07095495249162623,
      "50..54": 0.07573996855560872,
      "55..59": 0.0736892473853305,
      "60..64": 0.06842572971494976,
      "65..69": 0.06364071365096725,
      "70..74": 0.054754255246428324,
      "75..79": 0.03910041697997129,
      "80..84": 0.024130152436940323,
      "85..110": 0.017841274181420466
    },
    "gender": {
      "male": 0.5047508373778112,
      "female": 0.4952491626221888
    },
    "race": {
      "white": 0.972862123179985,
      "hispanic": 0.011825825415271036,
      "black": 0.012372684394011894,
      "asian": 0.001367147446852143,
      "native": 0.0021190785426208215,
      "other": 0.001
    },
    "income": {
      "mean": 53168,
      "median": 43261,
      "00..10": 0.07,
      "10..15": 0.061,
      "15..25": 0.13699999999999998,
      "25..35": 0.087,
      "35..50": 0.221,
      "50..75": 0.23,
      "75..100": 0.073,
      "100..150": 0.081,
      "150..200": 0.040999999999999995,
      "200..999": 0.0
    },
    "education": {
      "less_than_hs": 0.425,
      "hs_degree": 0.525,
      "some_college": 0.05,
      "bs_degree": 0.0
    }
  },
  "Dublin": {
    "population": 2505,
    "state": "Pennsylvania",
    "county": "Fulton County",
    "ages": {
      "0..4": 0.050516098161186684,
      "5..9": 0.05899241233166997,
      "10..14": 0.06049627452320733,
      "15..19": 0.062478638321142935,
      "20..24": 0.053113678310205754,
      "25..29": 0.0525668193314649,
      "30..34": 0.05249846195912229,
      "35..39": 0.05489096999111354,
      "40..44": 0.06616993642764372,
      "45..49": 0.07095495249162623,
      "50..54": 0.07573996855560872,
      "55..59": 0.0736892473853305,
      "60..64": 0.06842572971494976,
      "65..69": 0.06364071365096725,
      "70..74": 0.054754255246428324,
      "75..79": 0.03910041697997129,
      "80..84": 0.024130152436940323,
      "85..110": 0.017841274181420466
    },
    "gender": {
      "male": 0.5047508373778112,
      "female": 0.4952491626221888
    },
    "race": {
      "white": 0.972862123179985,
      "hispanic": 0.011825825415271036,
      "black": 0.012372684394011894,
      "asian": 0.001367147446852143,
      "native": 0.0021190785426208215,
      "other": 0.001
    },
    "income": {
      "mean": 60577,
      "median": 56103,
      "00..10": 0.049,
      "10..15": 0.049,
      "15..25": 0.115,
      "25..35": 0.124,
      "35..50": 0.11699999999999999,
      "50..75": 0.21600000000000003,
      "75..100": 0.161,
      "100..150": 0.15,
      "150..200": 0.015,
      "200..999": 0.004
    },
    "education": {
      "less_than_hs": 0.055999999999999994,
      "hs_degree": 0.366,
      "some_college": 0.38,
      "bs_degree": 0.19699999999999998
    }
  },
  "Licking Creek": {
    "population": 1683,
    "state": "Pennsylvania",
    "county": "Fulton County",
    "ages": {
      "0..4": 0.050516098161186684,
      "5..9": 0.05899241233166997,
      "10..14": 0.06049627452320733,
      "15..19": 0.062478638321142935,
      "20..24": 0.053113678310205754,
      "25..29": 0.0525668193314649,
      "30..34": 0.05249846195912229,
      "35..39": 0.05489096999111354,
      "40..44": 0.06616993642764372,
      "45..49": 0.07095495249162623,
      "50..54": 0.07573996855560872,
      "55..59": 0.0736892473853305,
      "60..64": 0.06842572971494976,
      "65..69": 0.06364071365096725,
      "70..74": 0.054754255246428324,
      "75..79": 0.03910041697997129,
      "80..84": 0.024130152436940323,
      "85..110": 0.017841274181420466
    },
    "gender": {
      "male": 0.5047508373778112,
      "female": 0.4952491626221888
    },
    "race": {
      "white": 0.972862123179985,
      "hispanic": 0.011825825415271036,
      "black": 0.012372684394011894,
      "asian": 0.001367147446852143,
      "native": 0.0021190785426208215,
      "other": 0.001
    },
    "income": {
      "mean": 56657,
      "median": 45268,
      "00..10": 0.057,
      "10..15": 0.051,
      "15..25": 0.09699999999999999,
      "25..35": 0.136,
      "35..50": 0.19,
      "50..75": 0.22,
      "75..100": 0.125,
      "100..150": 0.068,
      "150..200": 0.045,
      "200..999": 0.011000000000000001
    },
    "education": {
      "less_than_hs": 0.205,
      "hs_degree": 0.40399999999999997,
      "some_college": 0.317,
      "bs_degree": 0.075
    }
  },