{
  "Beale": {
    "population": 835,
    "state": "Pennsylvania",
    "county": "Juniata County",
    "ages": {
      "0..4": 0.05429114282249262,
      "5..9": 0.06225492177709504,
      "10..14": 0.0661761733435744,
      "15..19": 0.06084003719125197,
      "20..24": 0.052391154950074785,
      "25..29": 0.05602942959938553,
      "30..34": 0.0536039131665117,
      "35..39": 0.055908153777741845,
      "40..44": 0.058252819662853214,
      "45..49": 0.0657719206047621,
      "50..54": 0.07494845777580143,
      "55..59": 0.0734527226421959,
      "60..64": 0.06528681731818733,
      "65..69": 0.06027408335691474,
      "70..74": 0.047903949549258196,
      "75..79": 0.036706148684157336,
      "80..84": 0.02736791041759308,
      "85..110": 0.028540243360148765
    },
    "gender": {
      "male": 0.49965638517200955,
      "female": 0.5003436148279905
    },
    "race": {
      "white": 0.9751384565630432,
      "hispanic": 0.03217851800945951,
      "black": 0.008327606419533493,
      "asian": 0.004527630674697821,
      "native": 0.003193596636617213,
      "other": 0.001
    },
    "income": {
      "mean": 55956,
      "median": 45000,
      "00..10": 0.057,
      "10..15": 0.03,
      "15..25": 0.16899999999999998,
      "25..35": 0.139,
      "35..50": 0.152,
      "50..75": 0.21600000000000003,
      "75..100": 0.098,
      "100..150": 0.084,
      "150..200": 0.054000000000000006,
      "200..999": 0.0
    },
    "education": {
      "less_than_hs": 0.21899999999999997,
      "hs_degree": 0.6409999999999999,
      "some_college": 0.109,
      "bs_degree": 0.031
    }
  },
  "Delaware": {
    "population": 15448,
    "state": "Pennsylvania",
    "county": "Juniata County",
    "ages": {
      "0..4": 0.05429114282249262,
      "5..9": 0.06225492177709504,
      "10..14": 0.0661761733435744,
      "15..19": 0.06084003719125197,
      "20..24": 0.052391154950074785,
      "25..29": 0.05602942959938553,
      "30..34": 0.0536039131665117,
      "35..39": 0.055908153777741845,
      "40..44": 0.058252819662853214,
      "45..49": 0.0657719206047621,
      "50..54": 0.07494845777580143,
      "55..59": 0.0734527226421959,
      "60..64": 0.06528681731818733,
      "65..69": 0.06027408335691474,
      "70..74": 0.047903949549258196,
      "75..79": 0.036706148684157336,
      "80..84": 0.02736791041759308,
      "85..110": 0.028540243360148765
    },
    "gender": {
      "male": 0.49965638517200955,
      "female": 0.5003436148279905
    },
    "race": {
      "white": 0.9751384565630432,
      "hispanic": 0.03217851800945951,
      "black": 0.008327606419533493,
      "asian": 0.004527630674697821,
      "native": 0.003193596636617213,
      "other": 0.001
    },
    "income": {
      "mean": 66244,
      "median": 60071,
      "00..10": 0.065,
      "10..15": 0.038,
      "15..25": 0.084,
      "25..35": 0.049,
      "35..50": 0.145,
      "50..75": 0.261,
      "75..100": 0.184,
      "100..150": 0.132,
      "150..200": 0.03,
      "200..999": 0.012
    },
    "education": {
      "less_than_hs": 0.105,
      "hs_degree": 0.392,
      "some_college": 0.475,
      "bs_degree": 0.027999999999999997
    }
  },
  "Fayette": {
    "population": 3508,
    "state": "Pennsylvania",
    "county": "Juniata County",
    "ages": {
      "0..4": 0.05429114282249262,
      "5..9": 0.06225492177709504,
      "10..14": 0.0661761733435744,
      "15..19": 0.06084003719125197,
      "20..24": 0.052391154950074785,
      "25..29": 0.05602942959938553,
      "30..34": 0.0536039131665117,
      "35..39": 0.055908153777741845,
      "40..44": 0.058252819662853214,
      "45..49": 0.0657719206047621,
      "50..54": 0.07494845777580143,
      "55..59": 0.0734527226421959,
      "60..64": 0.06528681731818733,
      "65..69": 0.06027408335691474,
      "70..74": 0.047903949549258196,
      "75..79": 0.036706148684157336,
      "80..84": 0.02736791041759308,
      "85..110": 0.028540243360148765
    },
    "gender": {
      "male": 0.49965638517200955,
      "female": 0.5003436148279905
    },
    "race": {
      "white": 0.9751384565630432,
      "hispanic": 0.03217851800945951,
      "black": 0.008327606419533493,
      "asian": 0.004527630674697821,
      "native": 0.003193596636617213,
      "other": 0.001
    },
    "income": {
      "mean": 66162,
      "median": 44022,
      "00..10": 0.05,
      "10..15": 0.013000000000000001,
      "15..25": 0.122,
      "25..35": 0.183,
      "35..50": 0.204,
      "50..75": 0.147,
      "75..100": 0.151,
      "100..150": 0.043,
      "150..200": 0.038,
      "200..999": 0.048
    },
    "education": {
      "less_than_hs": 0.306,
      "hs_degree": 0.596,
      "some_college": 0.098,
      "bs_degree": 0.0
    }
  },
  "Fermanagh": {
    "population": 2839,
    "state": "Pennsylvania",
    "county": "Juniata County",
    "ages": {
      "0..4": 0.05429114282249262,
      "5..9": 0.06225492177709504,
      "10..14": 0.0661761733435744,
      "15..19": 0.06084003719125197,
      "20..24": 0.052391154950074785,
      "25..29": 0.05602942959938553,
      "30..34": 0.0536039131665117,
      "35..39": 0.055908153777741845,
      "40..44": 0.058252819662853214,
      "45..49": 0.0657719206047621,
      "50..54": 0.07494845777580143,
      "55..59": 0.0734527226421959,
      "60..64": 0.06528681731818733,
      "65..69": 0.06027408335691474,
      "70..74": 0.047903949549258196,
      "75..79": 0.036706148684157336,
      "80..84": 0.02736791041759308,
      "85..110": 0.028540243360148765
    },
    "gender": {
      "male": 0.49965638517200955,
      "female": 0.5003436148279905
    },
    "race": {
      "white": 0.9751384565630432,
      "hispanic": 0.03217851800945951,
      "black": 0.008327606419533493,
      "asian": 0.004527630674697821,
      "native": 0.003193596636617213,
      "other": 0.001
    },
    "income": {
      "mean": 60463,
      "median": 55543,
      "00..10": 0.062,
      "10..15": 0.038,
      "15..25": 0.142,
      "25..35": 0.07,
      "35..50": 0.107,
      "50..75": 0.27899999999999997,
      "75..100": 0.133,
      "100..150": 0.134,
      "150..200": 0.034,
      "200..999": 0.0
    },
    "education": {
      "less_than_hs": 0.172,
      "hs_degree": 0.337,
      "some_college": 0.423,
      "bs_degree": 0.067
    }
  },
  "Lack": {
    "population": 776,
    "state": "Pennsylvania",
    "county": "Juniata County",
    "ages": {
      "0..4": 0.05429114282249262,
      "5..9": 0.06225492177709504,
      "10..14": 0.0661761733435744,
      "15..19": 0.06084003719125197,
      "20..24": 0.052391154950074785,
      "25..29": 0.05602942959938553,
      "30..34": 0.0536039131665117,
      "35..39": 0.055908153777741845,
      "40..44": 0.058252819662853214,
      "45..49": 0.0657719206047621,
      "50..54": 0.07494845777580143,
      "55..59": 0.0734527226421959,
      "60..64": 0.06528681731818733,
      "65..69": 0.06027408335691474,
      "70..74": 0.047903949549258196,
      "75..79": 0.036706148684157336,
      "80..84": 0.02736791041759308,
      "85..110": 0.028540243360148765
    },
    "gender": {
      "male": 0.49965638517200955,
      "female": 0.5003436148279905
    },
    "race": {
      "white": 0.9751384565630432,
      "hispanic": 0.03217851800945951,
      "black": 0.008327606419533493,
      "asian": 0.004527630674697821,
      "native": 0.003193596636617213,
      "other": 0.001
    },
    "income": {
      "mean": 42696,
      "median": 33333,
      "00..10": 0.10099999999999999,
      "10..15": 0.11599999999999999,
      "15..25": 0.12300000000000001,
      "25..35": 0.174,
      "35..50": 0.127,
      "50..75": 0.23600000000000002,
      "75..100": 0.065,
      "100..150": 0.051,
      "150..200": 0.0,
      "200..999": 0.006999999999999999
    },
    "education": {
      "less_than_hs": 0.156,
      "hs_degree": 0.6559999999999999,
      "some_college": 0.188,
      "bs_degree": 0.0
    }
  },
  "Mifflin borough": {
    "population": 628,
    "state": "Pennsylvania",