{
  "Armagh": {
    "population": 3821,
    "state": "Pennsylvania",
    "county": "Mifflin County",
    "ages": {
      "0..4": 0.05967741935483871,
      "5..9": 0.06182795698924731,
      "10..14": 0.06382795698924731,
      "15..19": 0.05913978494623656,
      "20..24": 0.05316129032258064,
      "25..29": 0.054688172043010755,
      "30..34": 0.054236559139784944,
      "35..39": 0.05139784946236559,
      "40..44": 0.05821505376344086,
      "45..49": 0.06748387096774193,
      "50..54": 0.07279569892473119,
      "55..59": 0.07079569892473118,
      "60..64": 0.06666666666666667,
      "65..69": 0.061204301075268815,
      "70..74": 0.049118279569892474,
      "75..79": 0.03795698924731183,
      "80..84": 0.028344086021505375,
      "85..110": 0.029462365591397848
    },
    "gender": {
      "male": 0.49135483870967744,
      "female": 0.5086451612903226
    },
    "race": {
      "white": 0.9734838709677419,
      "hispanic": 0.014172043010752687,
      "black": 0.008301075268817204,
      "asian": 0.005870967741935484,
      "native": 0.0017204301075268817,
      "other": 0.001
    },
    "income": {
      "mean": 57248,
      "median": 49228,
      "00..10": 0.055,
      "10..15": 0.045,
      "15..25": 0.12300000000000001,
      "25..35": 0.08900000000000001,
      "35..50": 0.195,
      "50..75": 0.205,
      "75..100": 0.161,
      "100..150": 0.10300000000000001,
      "150..200": 0.011000000000000001,
      "200..999": 0.013000000000000001
    },
    "education": {
      "less_than_hs": 0.19399999999999998,
      "hs_degree": 0.218,
      "some_college": 0.529,
      "bs_degree": 0.059000000000000004
    }
  },
  "Bratton": {
    "population": 1303,
    "state": "Pennsylvania",
    "county": "Mifflin County",
    "ages": {
      "0..4": 0.05967741935483871,
      "5..9": 0.06182795698924731,
      "10..14": 0.06382795698924731,
      "15..19": 0.05913978494623656,
      "20..24": 0.05316129032258064,
      "25..29": 0.054688172043010755,
      "30..34": 0.054236559139784944,
      "35..39": 0.05139784946236559,
      "40..44": 0.05821505376344086,
      "45..49": 0.06748387096774193,
      "50..54": 0.07279569892473119,
      "55..59": 0.07079569892473118,
      "60..64": 0.06666666666666667,
      "65..69": 0.061204301075268815,
      "70..74": 0.049118279569892474,
      "75..79": 0.03795698924731183,
      "80..84": 0.028344086021505375,
      "85..110": 0.029462365591397848
    },
    "gender": {
      "male": 0.49135483870967744,
      "female": 0.5086451612903226
    },
    "race": {
      "white": 0.9734838709677419,
      "hispanic": 0.014172043010752687,
      "black": 0.008301075268817204,
      "asian": 0.005870967741935484,
      "native": 0.0017204301075268817,
      "other": 0.001
    },
    "income": {
      "mean": 52959,
      "median": 46944,
      "00..10": 0.03,
      "10..15": 0.055999999999999994,
      "15..25": 0.13699999999999998,
      "25..35": 0.121,
      "35..50": 0.179,
      "50..75": 0.242,
      "75..100": 0.151,
      "100..150": 0.079,
      "150..200": 0.006,
      "200..999": 0.0
    },
    "education": {
      "less_than_hs": 0.20600000000000002,
      "hs_degree": 0.523,
      "some_college": 0.11199999999999999,
      "bs_degree": 0.159
    }
  },
  "Burnham borough": {
    "population": 2018,
    "state": "Pennsylvania",
    "county": "Mifflin County",
    "ages": {
      "0..4": 0.05967741935483871,
      "5..9": 0.06182795698924731,
      "10..14": 0.06382795698924731,
      "15..19": 0.05913978494623656,
      "20..24": 0.05316129032258064,
      "25..29": 0.054688172043010755,
      "30..34": 0.054236559139784944,
      "35..39": 0.05139784946236559,
      "40..44": 0.05821505376344086,
      "45..49": 0.06748387096774193,
      "50..54": 0.07279569892473119,
      "55..59": 0.07079569892473118,
      "60..64": 0.06666666666666667,
      "65..69": 0.061204301075268815,
      "70..74": 0.049118279569892474,
      "75..79": 0.03795698924731183,
      "80..84": 0.028344086021505375,
      "85..110": 0.029462365591397848
    },
    "gender": {
      "male": 0.49135483870967744,
      "female": 0.5086451612903226
    },
    "race": {
      "white": 0.9734838709677419,
      "hispanic": 0.014172043010752687,
      "black": 0.008301075268817204,
      "asian": 0.005870967741935484,
      "native": 0.0017204301075268817,
      "other": 0.001
    },
    "income": {
      "mean": 50861,
      "median": 43314,
      "00..10": 0.02,
      "10..15": 0.049,
      "15..25": 0.14,
      "25..35": 0.188,
      "35..50": 0.184,
      "50..75": 0.23199999999999998,
      "75..100": 0.096,
      "100..150": 0.07,
      "150..200": 0.016,
      "200..999": 0.005
    },
    "education": {
      "less_than_hs": 0.122,
      "hs_degree": 0.7559999999999999,
      "some_college": 0.122,
      "bs_degree": 0.0
    }
  },
  "Juniata Terrace borough": {
    "population": 540,
    "state": "Pennsylvania",
    "county": "Mifflin County",
    "ages": {
      "0..4": 0.05967741935483871,
      "5..9": 0.06182795698924731,
      "10..14": 0.06382795698924731,
      "15..19": 0.05913978494623656,
      "20..24": 0.05316129032258064,
      "25..29": 0.054688172043010755,
      "30..34": 0.054236559139784944,
      "35..39": 0.05139784946236559,
      "40..44": 0.05821505376344086,
      "45..49": 0.06748387096774193,
      "50..54": 0.07279569892473119,
      "55..59": 0.07079569892473118,
      "60..64": 0.06666666666666667,
      "65..69": 0.061204301075268815,
      "70..74": 0.049118279569892474,
      "75..79": 0.03795698924731183,
      "80..84": 0.028344086021505375,
      "85..110": 0.029462365591397848
    },
    "gender": {
      "male": 0.49135483870967744,
      "female": 0.5086451612903226
    },
    "race": {
      "white": 0.9734838709677419,
      "hispanic": 0.014172043010752687,
      "black": 0.008301075268817204,
      "asian": 0.005870967741935484,
      "native": 0.0017204301075268817,
      "other": 0.001
    },
    "income": {
      "mean": 42596,
      "median": 32315,
      "00..10": 0.057999999999999996,
      "10..15": 0.09,
      "15..25": 0.183,
      "25..35": 0.212,
      "35..50": 0.131,
      "50..75": 0.231,
      "75..100": 0.061,
      "100..150": 0.013000000000000001,
      "150..200": 0.016,
      "200..999": 0.006
    },
    "education": {
      "less_than_hs": 0.094,
      "hs_degree": 0.66,
      "some_college": 0.245,
      "bs_degree": 0.0
    }
  },
  "Kistler borough": {
    "population": 321,
    "state": "Pennsylvania",
    "county": "Mifflin County",
    "ages": {
      "0..4": 0.05967741935483871,
      "5..9": 0.06182795698924731,
      "10..14": 0.06382795698924731,
      "15..19": 0.05913978494623656,
      "20..24": 0.05316129032258064,
      "25..29": 0.054688172043010755,
      "30..34": 0.054236559139784944,
      "35..39": 0.05139784946236559,
      "40..44": 0.05821505376344086,
      "45..49": 0.06748387096774193,
      "50..54": 0.07279569892473119,
      "55..59": 0.07079569892473118,
      "60..64": 0.06666666666666667,
      "65..69": 0.061204301075268815,
      "70..74": 0.049118279569892474,
      "75..79": 0.03795698924731183,
      "80..84": 0.028344086021505375,
      "85..110": 0.029462365591397848
    },
    "gender": {
      "male": 0.49135483870967744,
      "female": 0.5086451612903226
    },
    "race": {
      "white": 0.9734838709677419,
      "hispanic": 0.014172043010752687,
      "black": 0.008301075268817204,
      "asian": 0.005870967741935484,
      "native": 0.0017204301075268817,
      "other": 0.001
    },
    "income": {
      "mean": 41827,
      "median": 32000,
      "00..10": 0.066,
      "10..15": 0.163,
      "15..25": 0.12,
      "25..35": 0.18100000000000002,
      "35..50": 0.151,
      "50..75": 0.133,
      "75..100": 0.145,
      "100..150": 0.042,
      "150..200": 0.0,
      "200..999": 0.0
    },
    "education": {
      "less_than_hs": 0.45799999999999996,
      "hs_degree": 0.25,
      "some_college": 0.25,