{
  "Danville borough": {
    "population": 4689,
    "state": "Pennsylvania",
    "county": "Montour County",
    "ages": {
      "0..4": 0.054911893086166945,
      "5..9": 0.055289109231017944,
      "10..14": 0.05803739828636094,
      "15..19": 0.05480411704478094,
      "20..24": 0.04817589049954195,
      "25..29": 0.06412674462466994,
      "30..34": 0.06935388263189093,
      "35..39": 0.053834132672306946,
      "40..44": 0.05469634100339495,
      "45..49": 0.06277954410734493,
      "50..54": 0.07371881230802392,
      "55..59": 0.07996982270841192,
      "60..64": 0.06978498679743493,
      "65..69": 0.05830683838982594,
      "70..74": 0.04127822385083796,
      "75..79": 0.03626663792638896,
      "80..84": 0.030985611898474968,
      "85..110": 0.03368001293312497
    },
    "gender": {
      "male": 0.4773939753192865,
      "female": 0.5226060246807135
    },
    "race": {
      "white": 0.940507625154928,
      "hispanic": 0.028129546801745973,
      "black": 0.016651398394136985,
      "asian": 0.030985611898474968,
      "native": 0.0016166406207899983,
      "other": 0.001
    },
    "income": {
      "mean": 47806,
      "median": 35444,
      "00..10": 0.096,
      "10..15": 0.073,
      "15..25": 0.15,
      "25..35": 0.177,
      "35..50": 0.136,
      "50..75": 0.19899999999999998,
      "75..100": 0.08800000000000001,
      "100..150": 0.071,
      "150..200": 0.0,
      "200..999": 0.009000000000000001
    },
    "education": {
      "less_than_hs": 0.079,
      "hs_degree": 0.498,
      "some_college": 0.275,
      "bs_degree": 0.14800000000000002
    }
  },
  "Mayberry": {
    "population": 257,
    "state": "Pennsylvania",
    "county": "Montour County",
    "ages": {
      "0..4": 0.054911893086166945,
      "5..9": 0.055289109231017944,
      "10..14": 0.05803739828636094,
      "15..19": 0.05480411704478094,
      "20..24": 0.04817589049954195,
      "25..29": 0.06412674462466994,
      "30..34": 0.06935388263189093,
      "35..39": 0.053834132672306946,
      "40..44": 0.05469634100339495,
      "45..49": 0.06277954410734493,
      "50..54": 0.07371881230802392,
      "55..59": 0.07996982270841192,
      "60..64": 0.06978498679743493,
      "65..69": 0.05830683838982594,
      "70..74": 0.04127822385083796,
      "75..79": 0.03626663792638896,
      "80..84": 0.030985611898474968,
      "85..110": 0.03368001293312497
    },
    "gender": {
      "male": 0.4773939753192865,
      "female": 0.5226060246807135
    },
    "race": {
      "white": 0.940507625154928,
      "hispanic": 0.028129546801745973,
      "black": 0.016651398394136985,
      "asian": 0.030985611898474968,
      "native": 0.0016166406207899983,
      "other": 0.001
    },
    "income": {
      "mean": 72273,
      "median": 54375,
      "00..10": 0.057,
      "10..15": 0.019,
      "15..25": 0.12300000000000001,
      "25..35": 0.132,
      "35..50": 0.12300000000000001,
      "50..75": 0.217,
      "75..100": 0.094,
      "100..150": 0.12300000000000001,
      "150..200": 0.027999999999999997,
      "200..999": 0.085
    },
    "education": {
      "less_than_hs": 0.133,
      "hs_degree": 0.33299999999999996,
      "some_college": 0.267,
      "bs_degree": 0.267
    }
  },
  "Washingtonville borough": {
    "population": 278,
    "state": "Pennsylvania",
    "county": "Montour County",
    "ages": {
      "0..4": 0.054911893086166945,
      "5..9": 0.055289109231017944,
      "10..14": 0.05803739828636094,
      "15..19": 0.05480411704478094,
      "20..24": 0.04817589049954195,
      "25..29": 0.06412674462466994,
      "30..34": 0.06935388263189093,
      "35..39": 0.053834132672306946,
      "40..44": 0.05469634100339495,
      "45..49": 0.06277954410734493,
      "50..54": 0.07371881230802392,
      "55..59": 0.07996982270841192,
      "60..64": 0.06978498679743493,
      "65..69": 0.05830683838982594,
      "70..74": 0.04127822385083796,
      "75..79": 0.03626663792638896,
      "80..84": 0.030985611898474968,
      "85..110": 0.03368001293312497
    },
    "gender": {
      "male": 0.4773939753192865,
      "female": 0.5226060246807135
    },
    "race": {
      "white": 0.940507625154928,
      "hispanic": 0.028129546801745973,
      "black": 0.016651398394136985,
      "asian": 0.030985611898474968,
      "native": 0.0016166406207899983,
      "other": 0.001
    },
    "income": {
      "mean": 38485,
      "median": 29808,
      "00..10": 0.195,
      "10..15": 0.085,
      "15..25": 0.037000000000000005,
      "25..35": 0.22,
      "35..50": 0.22,
      "50..75": 0.146,
      "75..100": 0.012,
      "100..150": 0.085,
      "150..200": 0.0,
      "200..999": 0.0
    },
    "education": {
      "less_than_hs": 0.091,
      "hs_degree": 0.682,
      "some_college": 0.22699999999999998,
      "bs_degree": 0.0
    }
  },
  "West Hemlock": {
    "population": 505,
    "state": "Pennsylvania",
    "county": "Montour County",
    "ages": {
      "0..4": 0.054911893086166945,
      "5..9": 0.055289109231017944,
      "10..14": 0.05803739828636094,
      "15..19": 0.05480411704478094,
      "20..24": 0.04817589049954195,
      "25..29": 0.06412674462466994,
      "30..34": 0.06935388263189093,
      "35..39": 0.053834132672306946,
      "40..44": 0.05469634100339495,
      "45..49": 0.06277954410734493,
      "50..54": 0.07371881230802392,
      "55..59": 0.07996982270841192,
      "60..64": 0.06978498679743493,
      "65..69": 0.05830683838982594,
      "70..74": 0.04127822385083796,
      "75..79": 0.03626663792638896,
      "80..84": 0.030985611898474968,
      "85..110": 0.03368001293312497
    },
    "gender": {
      "male": 0.4773939753192865,
      "female": 0.5226060246807135
    },
    "race": {
      "white": 0.940507625154928,
      "hispanic": 0.028129546801745973,
      "black": 0.016651398394136985,
      "asian": 0.030985611898474968,
      "native": 0.0016166406207899983,
      "other": 0.001
    },
    "income": {
      "mean": 88543,
      "median": 68750,
      "00..10": 0.04,
      "10..15": 0.012,
      "15..25": 0.081,
      "25..35": 0.075,
      "35..50": 0.168,
      "50..75": 0.15,
      "75..100": 0.11599999999999999,
      "100..150": 0.22,
      "150..200": 0.087,
      "200..999": 0.052000000000000005
    },
    "education": {
      "less_than_hs": 0.09699999999999999,
      "hs_degree": 0.452,
      "some_college": 0.32299999999999995,
      "bs_degree": 0.129
    }
  }
}