{
  "Philadelphia": {
    "population": 1567442,
    "state": "Pennsylvania",
    "county": "Philadelphia County",
    "ages": {
      "0..4": 0.06995601751133375,
      "5..9": 0.06107403017145132,
      "10..14": 0.05628150834289243,
      "15..19": 0.06317171544465441,
      "20..24": 0.07907916209977786,
      "25..29": 0.10286441220791583,
      "30..34": 0.0824464318296945,
      "35..39": 0.06521836214673334,
      "40..44": 0.057571508228055644,
      "45..49": 0.05913009859375977,
      "50..54": 0.06139365922311639,
      "55..59": 0.06188873336302077,
      "60..64": 0.053300855789241326,
      "65..69": 0.04215849773069753,
      "70..74": 0.028910798613282024,
      "75..79": 0.021180369034388514,
      "80..84": 0.015914464458653015,
      "85..110": 0.018459375211331584
    },
    "gender": {
      "male": 0.47269053655573856,
      "female": 0.5273094634442614
    },
    "race": {
      "white": 0.4507012061690321,
      "hispanic": 0.13974233177367967,
      "black": 0.43979490150193756,
      "asian": 0.07401868777281712,
      "native": 0.009840874494877642,
      "other": 0.001
    },
    "income": {
      "mean": 55353,
      "median": 37460,
      "00..10": 0.146,
      "10..15": 0.081,
      "15..25": 0.132,
      "25..35": 0.11599999999999999,
      "35..50": 0.13699999999999998,
      "50..75": 0.157,
      "75..100": 0.091,
      "100..150": 0.085,
      "150..200": 0.028999999999999998,
      "200..999": 0.026000000000000002
    },
    "education": {
      "less_than_hs": 0.14800000000000002,
      "hs_degree": 0.301,
      "some_college": 0.423,
      "bs_degree": 0.128
    }
  }
}