{
  "Blooming Grove": {
    "population": 4690,
    "state": "Pennsylvania",
    "county": "Pike County",
    "ages": {
      "0..4": 0.036390284008650735,
      "5..9": 0.05127884323222935,
      "10..14": 0.061842034710182486,
      "15..19": 0.06736492162505138,
      "20..24": 0.05639064147705947,
      "25..29": 0.04429033584157,
      "30..34": 0.04330729771756421,
      "35..39": 0.04913403277985308,
      "40..44": 0.05701621119233588,
      "45..49": 0.07412107455003664,
      "50..54": 0.0896709503297646,
      "55..59": 0.0838084684266028,
      "60..64": 0.07319165668734026,
      "65..69": 0.07054639046274286,
      "70..74": 0.05917889506514862,
      "75..79": 0.038409980517971724,
      "80..84": 0.02402187706661424,
      "85..110": 0.02003610430928167
    },
    "gender": {
      "male": 0.5017069116516828,
      "female": 0.4982930883483172
    },
    "race": {
      "white": 0.8993905163631164,
      "hispanic": 0.1052029526890561,
      "black": 0.06425494646910579,
      "asian": 0.013691040054335198,
      "native": 0.004861570358719548,
      "other": 0.001
    },
    "income": {
      "mean": 70615,
      "median": 54614,
      "00..10": 0.043,
      "10..15": 0.044000000000000004,
      "15..25": 0.048,
      "25..35": 0.08,
      "35..50": 0.209,
      "50..75": 0.23800000000000002,
      "75..100": 0.15,
      "100..150": 0.098,
      "150..200": 0.06,
      "200..999": 0.03
    },
    "education": {
      "less_than_hs": 0.10099999999999999,
      "hs_degree": 0.192,
      "some_college": 0.531,
      "bs_degree": 0.17600000000000002
    }
  },
  "Dingman": {
    "population": 11641,
    "state": "Pennsylvania",
    "county": "Pike County",
    "ages": {
      "0..4": 0.036390284008650735,
      "5..9": 0.05127884323222935,
      "10..14": 0.061842034710182486,
      "15..19": 0.06736492162505138,
      "20..24": 0.05639064147705947,
      "25..29": 0.04429033584157,
      "30..34": 0.04330729771756421,
      "35..39": 0.04913403277985308,
      "40..44": 0.05701621119233588,
      "45..49": 0.07412107455003664,
      "50..54": 0.0896709503297646,
      "55..59": 0.0838084684266028,
      "60..64": 0.07319165668734026,
      "65..69": 0.07054639046274286,
      "70..74": 0.05917889506514862,
      "75..79": 0.038409980517971724,
      "80..84": 0.02402187706661424,
      "85..110": 0.02003610430928167
    },
    "gender": {
      "male": 0.5017069116516828,
      "female": 0.4982930883483172
    },
    "race": {
      "white": 0.8993905163631164,
      "hispanic": 0.1052029526890561,
      "black": 0.06425494646910579,
      "asian": 0.013691040054335198,
      "native": 0.004861570358719548,
      "other": 0.001
    },
    "income": {
      "mean": 86382,
      "median": 76201,
      "00..10": 0.017,
      "10..15": 0.013999999999999999,
      "15..25": 0.049,
      "25..35": 0.079,
      "35..50": 0.111,
      "50..75": 0.218,
      "75..100": 0.201,
      "100..150": 0.209,
      "150..200": 0.068,
      "200..999": 0.035
    },
    "education": {
      "less_than_hs": 0.158,
      "hs_degree": 0.27699999999999997,
      "some_college": 0.494,
      "bs_degree": 0.07200000000000001
    }
  },
  "Lackawaxen": {
    "population": 5033,
    "state": "Pennsylvania",
    "county": "Pike County",
    "ages": {
      "0..4": 0.036390284008650735,
      "5..9": 0.05127884323222935,
      "10..14": 0.061842034710182486,
      "15..19": 0.06736492162505138,
      "20..24": 0.05639064147705947,
      "25..29": 0.04429033584157,
      "30..34": 0.04330729771756421,
      "35..39": 0.04913403277985308,
      "40..44": 0.05701621119233588,
      "45..49": 0.07412107455003664,
      "50..54": 0.0896709503297646,
      "55..59": 0.0838084684266028,
      "60..64": 0.07319165668734026,
      "65..69": 0.07054639046274286,
      "70..74": 0.05917889506514862,
      "75..79": 0.038409980517971724,
      "80..84": 0.02402187706661424,
      "85..110": 0.02003610430928167
    },
    "gender": {
      "male": 0.5017069116516828,
      "female": 0.4982930883483172
    },
    "race": {
      "white": 0.8993905163631164,
      "hispanic": 0.1052029526890561,
      "black": 0.06425494646910579,
      "asian": 0.013691040054335198,
      "native": 0.004861570358719548,
      "other": 0.001
    },
    "income": {
      "mean": 75694,
      "median": 59500,
      "00..10": 0.043,
      "10..15": 0.032,
      "15..25": 0.064,
      "25..35": 0.125,
      "35..50": 0.155,
      "50..75": 0.21100000000000002,
      "75..100": 0.134,
      "100..150": 0.134,
      "150..200": 0.07200000000000001,
      "200..999": 0.03
    },
    "education": {
      "less_than_hs": 0.106,
      "hs_degree": 0.547,
      "some_college": 0.271,
      "bs_degree": 0.076
    }
  },
  "Matamoras borough": {
    "population": 2383,
    "state": "Pennsylvania",
    "county": "Pike County",
    "ages": {
      "0..4": 0.036390284008650735,
      "5..9": 0.05127884323222935,
      "10..14": 0.061842034710182486,
      "15..19": 0.06736492162505138,
      "20..24": 0.05639064147705947,
      "25..29": 0.04429033584157,
      "30..34": 0.04330729771756421,
      "35..39": 0.04913403277985308,
      "40..44": 0.05701621119233588,
      "45..49": 0.07412107455003664,
      "50..54": 0.0896709503297646,
      "55..59": 0.0838084684266028,
      "60..64": 0.07319165668734026,
      "65..69": 0.07054639046274286,
      "70..74": 0.05917889506514862,
      "75..79": 0.038409980517971724,
      "80..84": 0.02402187706661424,
      "85..110": 0.02003610430928167
    },
    "gender": {
      "male": 0.5017069116516828,
      "female": 0.4982930883483172
    },
    "race": {
      "white": 0.8993905163631164,
      "hispanic": 0.1052029526890561,
      "black": 0.06425494646910579,
      "asian": 0.013691040054335198,
      "native": 0.004861570358719548,
      "other": 0.001
    },
    "income": {
      "mean": 62840,
      "median": 49813,
      "00..10": 0.054000000000000006,
      "10..15": 0.026000000000000002,
      "15..25": 0.134,
      "25..35": 0.14400000000000002,
      "35..50": 0.14300000000000002,
      "50..75": 0.151,
      "75..100": 0.152,
      "100..150": 0.155,
      "150..200": 0.03,
      "200..999": 0.01
    },
    "education": {
      "less_than_hs": 0.161,
      "hs_degree": 0.39299999999999996,
      "some_college": 0.39899999999999997,
      "bs_degree": 0.048
    }
  },
  "Milford borough": {
    "population": 980,
    "state": "Pennsylvania",
    "county": "Pike County",
    "ages": {
      "0..4": 0.036390284008650735,
      "5..9": 0.05127884323222935,
      "10..14": 0.061842034710182486,
      "15..19": 0.06736492162505138,
      "20..24": 0.05639064147705947,
      "25..29": 0.04429033584157,
      "30..34": 0.04330729771756421,
      "35..39": 0.04913403277985308,
      "40..44": 0.05701621119233588,
      "45..49": 0.07412107455003664,
      "50..54": 0.0896709503297646,
      "55..59": 0.0838084684266028,
      "60..64": 0.07319165668734026,
      "65..69": 0.07054639046274286,
      "70..74": 0.05917889506514862,
      "75..79": 0.038409980517971724,
      "80..84": 0.02402187706661424,
      "85..110": 0.02003610430928167
    },
    "gender": {
      "male": 0.5017069116516828,
      "female": 0.4982930883483172
    },
    "race": {
      "white": 0.8993905163631164,
      "hispanic": 0.1052029526890561,
      "black": 0.06425494646910579,
      "asian": 0.013691040054335198,
      "native": 0.004861570358719548,
      "other": 0.001
    },
    "income": {
      "mean": 68828,
      "median": 47330,
      "00..10": 0.07200000000000001,
      "10..15": 0.08,
      "15..25": 0.131,
      "25..35": 0.10099999999999999,
      "35..50": 0.11900000000000001,
      "50..75": 0.168,
      "75..100": 0.121,
      "100..150": 0.113,
      "150..200": 0.040999999999999995,
      "200..999": 0.053
    },
    "education": {
      "less_than_hs": 0.067,
      "hs_degree": 0.33299999999999996,
      "some_college": 0.38299999999999995,