{
  "Beavertown borough": {
    "population": 973,
    "state": "Pennsylvania",
    "county": "Snyder County",
    "ages": {
      "0..4": 0.054767085352586294,
      "5..9": 0.05998417565028187,
      "10..14": 0.06537434477301948,
      "15..19": 0.07884976757986352,
      "20..24": 0.07603105528632183,
      "25..29": 0.05998417565028187,
      "30..34": 0.05308574819503511,
      "35..39": 0.05283849273068935,
      "40..44": 0.05921768371081001,
      "45..49": 0.06413806745129068,
      "50..54": 0.07061616061714963,
      "55..59": 0.07049253288497676,
      "60..64": 0.06371773316190288,
      "65..69": 0.05358025912372663,
      "70..74": 0.04200870339234497,
      "75..79": 0.03080803085748195,
      "80..84": 0.0215112253980813,
      "85..110": 0.022994758184155868
    },
    "gender": {
      "male": 0.4942389476807437,
      "female": 0.5057610523192563
    },
    "race": {
      "white": 0.9696123034319059,
      "hispanic": 0.021832657501730787,
      "black": 0.012758381960241321,
      "asian": 0.006725348630204728,
      "native": 0.002052220354069825,
      "other": 0.001
    },
    "income": {
      "mean": 52895,
      "median": 44563,
      "00..10": 0.065,
      "10..15": 0.062,
      "15..25": 0.08199999999999999,
      "25..35": 0.18,
      "35..50": 0.149,
      "50..75": 0.231,
      "75..100": 0.155,
      "100..150": 0.055999999999999994,
      "150..200": 0.011000000000000001,
      "200..999": 0.008
    },
    "education": {
      "less_than_hs": 0.064,
      "hs_degree": 0.536,
      "some_college": 0.376,
      "bs_degree": 0.024
    }
  },
  "Freeburg borough": {
    "population": 575,
    "state": "Pennsylvania",
    "county": "Snyder County",
    "ages": {
      "0..4": 0.054767085352586294,
      "5..9": 0.05998417565028187,
      "10..14": 0.06537434477301948,
      "15..19": 0.07884976757986352,
      "20..24": 0.07603105528632183,
      "25..29": 0.05998417565028187,
      "30..34": 0.05308574819503511,
      "35..39": 0.05283849273068935,
      "40..44": 0.05921768371081001,
      "45..49": 0.06413806745129068,
      "50..54": 0.07061616061714963,
      "55..59": 0.07049253288497676,
      "60..64": 0.06371773316190288,
      "65..69": 0.05358025912372663,
      "70..74": 0.04200870339234497,
      "75..79": 0.03080803085748195,
      "80..84": 0.0215112253980813,
      "85..110": 0.022994758184155868
    },
    "gender": {
      "male": 0.4942389476807437,
      "female": 0.5057610523192563
    },
    "race": {
      "white": 0.9696123034319059,
      "hispanic": 0.021832657501730787,
      "black": 0.012758381960241321,
      "asian": 0.006725348630204728,
      "native": 0.002052220354069825,
      "other": 0.001
    },
    "income": {
      "mean": 58943,
      "median": 53750,
      "00..10": 0.027000000000000003,
      "10..15": 0.069,
      "15..25": 0.126,
      "25..35": 0.08800000000000001,
      "35..50": 0.16,
      "50..75": 0.267,
      "75..100": 0.20199999999999999,
      "100..150": 0.042,
      "150..200": 0.0,
      "200..999": 0.019
    },
    "education": {
      "less_than_hs": 0.0,
      "hs_degree": 0.654,
      "some_college": 0.17300000000000001,
      "bs_degree": 0.17300000000000001
    }
  },
  "McClure borough": {
    "population": 942,
    "state": "Pennsylvania",
    "county": "Snyder County",
    "ages": {
      "0..4": 0.054767085352586294,
      "5..9": 0.05998417565028187,
      "10..14": 0.06537434477301948,
      "15..19": 0.07884976757986352,
      "20..24": 0.07603105528632183,
      "25..29": 0.05998417565028187,
      "30..34": 0.05308574819503511,
      "35..39": 0.05283849273068935,
      "40..44": 0.05921768371081001,
      "45..49": 0.06413806745129068,
      "50..54": 0.07061616061714963,
      "55..59": 0.07049253288497676,
      "60..64": 0.06371773316190288,
      "65..69": 0.05358025912372663,
      "70..74": 0.04200870339234497,
      "75..79": 0.03080803085748195,
      "80..84": 0.0215112253980813,
      "85..110": 0.022994758184155868
    },
    "gender": {
      "male": 0.4942389476807437,
      "female": 0.5057610523192563
    },
    "race": {
      "white": 0.9696123034319059,
      "hispanic": 0.021832657501730787,
      "black": 0.012758381960241321,
      "asian": 0.006725348630204728,
      "native": 0.002052220354069825,
      "other": 0.001
    },
    "income": {
      "mean": 48567,
      "median": 39276,
      "00..10": 0.051,
      "10..15": 0.08,
      "15..25": 0.136,
      "25..35": 0.147,
      "35..50": 0.23399999999999999,
      "50..75": 0.177,
      "75..100": 0.105,
      "100..150": 0.044000000000000004,
      "150..200": 0.021,
      "200..999": 0.005
    },
    "education": {
      "less_than_hs": 0.16699999999999998,
      "hs_degree": 0.5,
      "some_college": 0.14800000000000002,
      "bs_degree": 0.185
    }
  },
  "Middleburg borough": {
    "population": 1314,
    "state": "Pennsylvania",
    "county": "Snyder County",
    "ages": {
      "0..4": 0.054767085352586294,
      "5..9": 0.05998417565028187,
      "10..14": 0.06537434477301948,
      "15..19": 0.07884976757986352,
      "20..24": 0.07603105528632183,
      "25..29": 0.05998417565028187,
      "30..34": 0.05308574819503511,
      "35..39": 0.05283849273068935,
      "40..44": 0.05921768371081001,
      "45..49": 0.06413806745129068,
      "50..54": 0.07061616061714963,
      "55..59": 0.07049253288497676,
      "60..64": 0.06371773316190288,
      "65..69": 0.05358025912372663,
      "70..74": 0.04200870339234497,
      "75..79": 0.03080803085748195,
      "80..84": 0.0215112253980813,
      "85..110": 0.022994758184155868
    },
    "gender": {
      "male": 0.4942389476807437,
      "female": 0.5057610523192563
    },
    "race": {
      "white": 0.9696123034319059,
      "hispanic": 0.021832657501730787,
      "black": 0.012758381960241321,
      "asian": 0.006725348630204728,
      "native": 0.002052220354069825,
      "other": 0.001
    },
    "income": {
      "mean": 45309,
      "median": 36838,
      "00..10": 0.092,
      "10..15": 0.109,
      "15..25": 0.168,
      "25..35": 0.109,
      "35..50": 0.168,
      "50..75": 0.214,
      "75..100": 0.07400000000000001,
      "100..150": 0.042,
      "150..200": 0.009000000000000001,
      "200..999": 0.017
    },
    "education": {
      "less_than_hs": 0.12300000000000001,
      "hs_degree": 0.606,
      "some_college": 0.271,
      "bs_degree": 0.0
    }
  },
  "Middlecreek": {
    "population": 3001,
    "state": "Pennsylvania",
    "county": "Snyder County",
    "ages": {
      "0..4": 0.054767085352586294,
      "5..9": 0.05998417565028187,
      "10..14": 0.06537434477301948,
      "15..19": 0.07884976757986352,
      "20..24": 0.07603105528632183,
      "25..29": 0.05998417565028187,
      "30..34": 0.05308574819503511,
      "35..39": 0.05283849273068935,
      "40..44": 0.05921768371081001,
      "45..49": 0.06413806745129068,
      "50..54": 0.07061616061714963,
      "55..59": 0.07049253288497676,
      "60..64": 0.06371773316190288,
      "65..69": 0.05358025912372663,
      "70..74": 0.04200870339234497,
      "75..79": 0.03080803085748195,
      "80..84": 0.0215112253980813,
      "85..110": 0.022994758184155868
    },
    "gender": {
      "male": 0.4942389476807437,
      "female": 0.5057610523192563
    },
    "race": {
      "white": 0.9696123034319059,
      "hispanic": 0.021832657501730787,
      "black": 0.012758381960241321,
      "asian": 0.006725348630204728,
      "native": 0.002052220354069825,
      "other": 0.001
    },
    "income": {
      "mean": 66799,
      "median": 48929,
      "00..10": 0.079,
      "10..15": 0.046,
      "15..25": 0.11699999999999999,
      "25..35": 0.134,
      "35..50": 0.131,
      "50..75": 0.191,
      "75..100": 0.134,
      "100..150": 0.09300000000000001,
      "150..200": 0.055,
      "200..999": 0.019
    },
    "education": {
      "less_than_hs": 0.13699999999999998,
      "hs_degree": 0.51,
      "some_college": 0.353,