{
  "Colley": {
    "population": 696,
    "state": "Pennsylvania",
    "county": "Sullivan County",
    "ages": {
      "0..4": 0.03460809102402023,
      "5..9": 0.029235145385587864,
      "10..14": 0.028128950695322376,
      "15..19": 0.0586283185840708,
      "20..24": 0.06463337547408343,
      "25..29": 0.048830594184576484,
      "30..34": 0.04424778761061947,
      "35..39": 0.04377370417193426,
      "40..44": 0.05230720606826802,
      "45..49": 0.05736409608091024,
      "50..54": 0.08185840707964602,
      "55..59": 0.09955752212389381,
      "60..64": 0.08565107458912768,
      "65..69": 0.08422882427307206,
      "70..74": 0.06684576485461441,
      "75..79": 0.05025284450063211,
      "80..84": 0.03903286978508218,
      "85..110": 0.03081542351453856
    },
    "gender": {
      "male": 0.5260745891276865,
      "female": 0.47392541087231355
    },
    "race": {
      "white": 0.9456384323640961,
      "hispanic": 0.018489254108723135,
      "black": 0.03571428571428571,
      "asian": 0.0041087231352718075,
      "native": 0.004740834386852086,
      "other": 0.001
    },
    "income": {
      "mean": 51783,
      "median": 35000,
      "00..10": 0.057999999999999996,
      "10..15": 0.057999999999999996,
      "15..25": 0.16,
      "25..35": 0.223,
      "35..50": 0.17,
      "50..75": 0.126,
      "75..100": 0.078,
      "100..150": 0.073,
      "150..200": 0.015,
      "200..999": 0.039
    },
    "education": {
      "less_than_hs": 0.298,
      "hs_degree": 0.503,
      "some_college": 0.152,
      "bs_degree": 0.046
    }
  },
  "Davidson": {
    "population": 557,
    "state": "Pennsylvania",
    "county": "Sullivan County",
    "ages": {
      "0..4": 0.03460809102402023,
      "5..9": 0.029235145385587864,
      "10..14": 0.028128950695322376,
      "15..19": 0.0586283185840708,
      "20..24": 0.06463337547408343,
      "25..29": 0.048830594184576484,
      "30..34": 0.04424778761061947,
      "35..39": 0.04377370417193426,
      "40..44": 0.05230720606826802,
      "45..49": 0.05736409608091024,
      "50..54": 0.08185840707964602,
      "55..59": 0.09955752212389381,
      "60..64": 0.08565107458912768,
      "65..69": 0.08422882427307206,
      "70..74": 0.06684576485461441,
      "75..79": 0.05025284450063211,
      "80..84": 0.03903286978508218,
      "85..110": 0.03081542351453856
    },
    "gender": {
      "male": 0.5260745891276865,
      "female": 0.47392541087231355
    },
    "race": {
      "white": 0.9456384323640961,
      "hispanic": 0.018489254108723135,
      "black": 0.03571428571428571,
      "asian": 0.0041087231352718075,
      "native": 0.004740834386852086,
      "other": 0.001
    },
    "income": {
      "mean": 46575,
      "median": 40272,
      "00..10": 0.037000000000000005,
      "10..15": 0.13,
      "15..25": 0.084,
      "25..35": 0.21899999999999997,
      "35..50": 0.205,
      "50..75": 0.153,
      "75..100": 0.079,
      "100..150": 0.07400000000000001,
      "150..200": 0.019,
      "200..999": 0.0
    },
    "education": {
      "less_than_hs": 0.0,
      "hs_degree": 0.48700000000000004,
      "some_college": 0.513,
      "bs_degree": 0.0
    }
  },
  "Dushore borough": {
    "population": 592,
    "state": "Pennsylvania",
    "county": "Sullivan County",
    "ages": {
      "0..4": 0.03460809102402023,
      "5..9": 0.029235145385587864,
      "10..14": 0.028128950695322376,
      "15..19": 0.0586283185840708,
      "20..24": 0.06463337547408343,
      "25..29": 0.048830594184576484,
      "30..34": 0.04424778761061947,
      "35..39": 0.04377370417193426,
      "40..44": 0.05230720606826802,
      "45..49": 0.05736409608091024,
      "50..54": 0.08185840707964602,
      "55..59": 0.09955752212389381,
      "60..64": 0.08565107458912768,
      "65..69": 0.08422882427307206,
      "70..74": 0.06684576485461441,
      "75..79": 0.05025284450063211,
      "80..84": 0.03903286978508218,
      "85..110": 0.03081542351453856
    },
    "gender": {
      "male": 0.5260745891276865,
      "female": 0.47392541087231355
    },
    "race": {
      "white": 0.9456384323640961,
      "hispanic": 0.018489254108723135,
      "black": 0.03571428571428571,
      "asian": 0.0041087231352718075,
      "native": 0.004740834386852086,
      "other": 0.001
    },
    "income": {
      "mean": 41050,
      "median": 33207,
      "00..10": 0.252,
      "10..15": 0.067,
      "15..25": 0.128,
      "25..35": 0.10300000000000001,
      "35..50": 0.16699999999999998,
      "50..75": 0.13699999999999998,
      "75..100": 0.073,
      "100..150": 0.049,
      "150..200": 0.021,
      "200..999": 0.003
    },
    "education": {
      "less_than_hs": 0.147,
      "hs_degree": 0.235,
      "some_college": 0.588,
      "bs_degree": 0.028999999999999998
    }
  },
  "Eagles Mere borough": {
    "population": 118,
    "state": "Pennsylvania",
    "county": "Sullivan County",
    "ages": {
      "0..4": 0.03460809102402023,
      "5..9": 0.029235145385587864,
      "10..14": 0.028128950695322376,
      "15..19": 0.0586283185840708,
      "20..24": 0.06463337547408343,
      "25..29": 0.048830594184576484,
      "30..34": 0.04424778761061947,
      "35..39": 0.04377370417193426,
      "40..44": 0.05230720606826802,
      "45..49": 0.05736409608091024,
      "50..54": 0.08185840707964602,
      "55..59": 0.09955752212389381,
      "60..64": 0.08565107458912768,
      "65..69": 0.08422882427307206,
      "70..74": 0.06684576485461441,
      "75..79": 0.05025284450063211,
      "80..84": 0.03903286978508218,
      "85..110": 0.03081542351453856
    },
    "gender": {
      "male": 0.5260745891276865,
      "female": 0.47392541087231355
    },
    "race": {
      "white": 0.9456384323640961,
      "hispanic": 0.018489254108723135,
      "black": 0.03571428571428571,
      "asian": 0.0041087231352718075,
      "native": 0.004740834386852086,
      "other": 0.001
    },
    "income": {
      "mean": 109562,
      "median": 72500,
      "00..10": 0.019,
      "10..15": 0.0,
      "15..25": 0.077,
      "25..35": 0.115,
      "35..50": 0.192,
      "50..75": 0.135,
      "75..100": 0.0,
      "100..150": 0.231,
      "150..200": 0.115,
      "200..999": 0.115
    },
    "education": {
      "less_than_hs": 0.0,
      "hs_degree": 0.0,
      "some_college": 0.0,
      "bs_degree": 1.0
    }
  },
  "Elkland": {
    "population": 562,
    "state": "Pennsylvania",
    "county": "Sullivan County",
    "ages": {
      "0..4": 0.03460809102402023,
      "5..9": 0.029235145385587864,
      "10..14": 0.028128950695322376,
      "15..19": 0.0586283185840708,
      "20..24": 0.06463337547408343,
      "25..29": 0.048830594184576484,
      "30..34": 0.04424778761061947,
      "35..39": 0.04377370417193426,
      "40..44": 0.05230720606826802,
      "45..49": 0.05736409608091024,
      "50..54": 0.08185840707964602,
      "55..59": 0.09955752212389381,
      "60..64": 0.08565107458912768,
      "65..69": 0.08422882427307206,
      "70..74": 0.06684576485461441,
      "75..79": 0.05025284450063211,
      "80..84": 0.03903286978508218,
      "85..110": 0.03081542351453856
    },
    "gender": {
      "male": 0.5260745891276865,
      "female": 0.47392541087231355
    },
    "race": {
      "white": 0.9456384323640961,
      "hispanic": 0.018489254108723135,
      "black": 0.03571428571428571,
      "asian": 0.0041087231352718075,
      "native": 0.004740834386852086,
      "other": 0.001
    },
    "income": {
      "mean": 48869,
      "median": 41250,
      "00..10": 0.037000000000000005,
      "10..15": 0.043,
      "15..25": 0.154,
      "25..35": 0.228,
      "35..50": 0.111,
      "50..75": 0.272,
      "75..100": 0.062,
      "100..150": 0.09300000000000001,
      "150..200": 0.0,
      "200..999": 0.0
    },
    "education": {
      "less_than_hs": 0.0,
      "hs_degree": 0.0,
      "some_college": 0.0,
      "bs_degree": 0.0
    }
  },
  "Forksville borough": {
    "population": 144,
    "state": "Pennsylvania",