{
  "East Buffalo": {
    "population": 6496,
    "state": "Pennsylvania",
    "county": "Union County",
    "ages": {
      "0..4": 0.04489033233972505,
      "5..9": 0.047626462606219694,
      "10..14": 0.05563464875205766,
      "15..19": 0.07747920096098233,
      "20..24": 0.08562085687591761,
      "25..29": 0.06675712951016595,
      "30..34": 0.07089469235218224,
      "35..39": 0.06651243493348756,
      "40..44": 0.0662899853183254,
      "45..49": 0.0656226364728389,
      "50..54": 0.06811407216265516,
      "55..59": 0.06446589847399564,
      "60..64": 0.05603505805934956,
      "65..69": 0.049761978911776486,
      "70..74": 0.03610357254081951,
      "75..79": 0.02867375539440317,
      "80..84": 0.02313475997686524,
      "85..110": 0.02638252435823286
    },
    "gender": {
      "male": 0.5504515727187792,
      "female": 0.4495484272812208
    },
    "race": {
      "white": 0.8873737598433955,
      "hispanic": 0.0575699604039685,
      "black": 0.07801308003737153,
      "asian": 0.015882902522578637,
      "native": 0.005961649686346043,
      "other": 0.001
    },
    "income": {
      "mean": 106806,
      "median": 68533,
      "00..10": 0.008,
      "10..15": 0.044000000000000004,
      "15..25": 0.063,
      "25..35": 0.086,
      "35..50": 0.15,
      "50..75": 0.18899999999999997,
      "75..100": 0.08,
      "100..150": 0.174,
      "150..200": 0.091,
      "200..999": 0.114
    },
    "education": {
      "less_than_hs": 0.02,
      "hs_degree": 0.135,
      "some_college": 0.794,
      "bs_degree": 0.051
    }
  },
  "Hartleton borough": {
    "population": 285,
    "state": "Pennsylvania",
    "county": "Union County",
    "ages": {
      "0..4": 0.04489033233972505,
      "5..9": 0.047626462606219694,
      "10..14": 0.05563464875205766,
      "15..19": 0.07747920096098233,
      "20..24": 0.08562085687591761,
      "25..29": 0.06675712951016595,
      "30..34": 0.07089469235218224,
      "35..39": 0.06651243493348756,
      "40..44": 0.0662899853183254,
      "45..49": 0.0656226364728389,
      "50..54": 0.06811407216265516,
      "55..59": 0.06446589847399564,
      "60..64": 0.05603505805934956,
      "65..69": 0.049761978911776486,
      "70..74": 0.03610357254081951,
      "75..79": 0.02867375539440317,
      "80..84": 0.02313475997686524,
      "85..110": 0.02638252435823286
    },
    "gender": {
      "male": 0.5504515727187792,
      "female": 0.4495484272812208
    },
    "race": {
      "white": 0.8873737598433955,
      "hispanic": 0.0575699604039685,
      "black": 0.07801308003737153,
      "asian": 0.015882902522578637,
      "native": 0.005961649686346043,
      "other": 0.001
    },
    "income": {
      "mean": 70362,
      "median": 49167,
      "00..10": 0.076,
      "10..15": 0.0,
      "15..25": 0.13,
      "25..35": 0.141,
      "35..50": 0.163,
      "50..75": 0.174,
      "75..100": 0.13,
      "100..150": 0.12,
      "150..200": 0.054000000000000006,
      "200..999": 0.011000000000000001
    },
    "education": {
      "less_than_hs": 0.16699999999999998,
      "hs_degree": 0.4,
      "some_college": 0.433,
      "bs_degree": 0.0
    }
  },
  "Hartley": {
    "population": 1821,
    "state": "Pennsylvania",
    "county": "Union County",
    "ages": {
      "0..4": 0.04489033233972505,
      "5..9": 0.047626462606219694,
      "10..14": 0.05563464875205766,
      "15..19": 0.07747920096098233,
      "20..24": 0.08562085687591761,
      "25..29": 0.06675712951016595,
      "30..34": 0.07089469235218224,
      "35..39": 0.06651243493348756,
      "40..44": 0.0662899853183254,
      "45..49": 0.0656226364728389,
      "50..54": 0.06811407216265516,
      "55..59": 0.06446589847399564,
      "60..64": 0.05603505805934956,
      "65..69": 0.049761978911776486,
      "70..74": 0.03610357254081951,
      "75..79": 0.02867375539440317,
      "80..84": 0.02313475997686524,
      "85..110": 0.02638252435823286
    },
    "gender": {
      "male": 0.5504515727187792,
      "female": 0.4495484272812208
    },
    "race": {
      "white": 0.8873737598433955,
      "hispanic": 0.0575699604039685,
      "black": 0.07801308003737153,
      "asian": 0.015882902522578637,
      "native": 0.005961649686346043,
      "other": 0.001
    },
    "income": {
      "mean": 49108,
      "median": 43105,
      "00..10": 0.06,
      "10..15": 0.07400000000000001,
      "15..25": 0.11,
      "25..35": 0.128,
      "35..50": 0.226,
      "50..75": 0.23800000000000002,
      "75..100": 0.102,
      "100..150": 0.043,
      "150..200": 0.016,
      "200..999": 0.004
    },
    "education": {
      "less_than_hs": 0.268,
      "hs_degree": 0.493,
      "some_college": 0.19699999999999998,
      "bs_degree": 0.042
    }
  },
  "Kelly": {
    "population": 5260,
    "state": "Pennsylvania",
    "county": "Union County",
    "ages": {
      "0..4": 0.04489033233972505,
      "5..9": 0.047626462606219694,
      "10..14": 0.05563464875205766,
      "15..19": 0.07747920096098233,
      "20..24": 0.08562085687591761,
      "25..29": 0.06675712951016595,
      "30..34": 0.07089469235218224,
      "35..39": 0.06651243493348756,
      "40..44": 0.0662899853183254,
      "45..49": 0.0656226364728389,
      "50..54": 0.06811407216265516,
      "55..59": 0.06446589847399564,
      "60..64": 0.05603505805934956,
      "65..69": 0.049761978911776486,
      "70..74": 0.03610357254081951,
      "75..79": 0.02867375539440317,
      "80..84": 0.02313475997686524,
      "85..110": 0.02638252435823286
    },
    "gender": {
      "male": 0.5504515727187792,
      "female": 0.4495484272812208
    },
    "race": {
      "white": 0.8873737598433955,
      "hispanic": 0.0575699604039685,
      "black": 0.07801308003737153,
      "asian": 0.015882902522578637,
      "native": 0.005961649686346043,
      "other": 0.001
    },
    "income": {
      "mean": 57193,
      "median": 39832,
      "00..10": 0.024,
      "10..15": 0.081,
      "15..25": 0.158,
      "25..35": 0.163,
      "35..50": 0.18100000000000002,
      "50..75": 0.11199999999999999,
      "75..100": 0.109,
      "100..150": 0.146,
      "150..200": 0.0,
      "200..999": 0.025
    },
    "education": {
      "less_than_hs": 0.17300000000000001,
      "hs_degree": 0.59,
      "some_college": 0.18600000000000003,
      "bs_degree": 0.051
    }
  },
  "Lewisburg borough": {
    "population": 5774,
    "state": "Pennsylvania",
    "county": "Union County",
    "ages": {
      "0..4": 0.04489033233972505,
      "5..9": 0.047626462606219694,
      "10..14": 0.05563464875205766,
      "15..19": 0.07747920096098233,
      "20..24": 0.08562085687591761,
      "25..29": 0.06675712951016595,
      "30..34": 0.07089469235218224,
      "35..39": 0.06651243493348756,
      "40..44": 0.0662899853183254,
      "45..49": 0.0656226364728389,
      "50..54": 0.06811407216265516,
      "55..59": 0.06446589847399564,
      "60..64": 0.05603505805934956,
      "65..69": 0.049761978911776486,
      "70..74": 0.03610357254081951,
      "75..79": 0.02867375539440317,
      "80..84": 0.02313475997686524,
      "85..110": 0.02638252435823286
    },
    "gender": {
      "male": 0.5504515727187792,
      "female": 0.4495484272812208
    },
    "race": {
      "white": 0.8873737598433955,
      "hispanic": 0.0575699604039685,
      "black": 0.07801308003737153,
      "asian": 0.015882902522578637,
      "native": 0.005961649686346043,
      "other": 0.001
    },
    "income": {
      "mean": 61244,
      "median": 46326,
      "00..10": 0.121,
      "10..15": 0.061,
      "15..25": 0.14,
      "25..35": 0.10400000000000001,
      "35..50": 0.218,
      "50..75": 0.171,
      "75..100": 0.040999999999999995,
      "100..150": 0.068,
      "150..200": 0.024,
      "200..999": 0.053
    },
    "education": {
      "less_than_hs": 0.0,
      "hs_degree": 0.055999999999999994,
      "some_college": 0.863,
      "bs_degree": 0.081
    }
  },
  "Mifflinburg borough": {
    "population": 3520,